,imgName,thPre_x,thPre_y,dist,threshold_R_rate
0,20051020_43808_0100_PP.tif,980.5365646258504,784.468253968254,3.562022231649742,0.03458274011310429
1,20051020_43882_0100_PP.tif,955.6738139908872,776.0268024658269,10.32622079305742,0.10025457080638271
2,20051020_44261_0100_PP.tif,1103.4909539473683,896.3486842105264,8.620037741659493,0.08368968681222809
3,20051020_44338_0100_PP.tif,981.4834456489891,788.7462642836215,8.344867072694878,0.08101812691936774
4,20051020_44400_0100_PP.tif,982.2578812837262,777.2502130076682,4.437632881486322,0.04308381438336235
5,20051020_44598_0100_PP.tif,1309.9439642324887,785.4584202682563,3.6160589450600966,0.03510736839864172
6,20051020_44692_0100_PP.tif,973.8590410167533,766.2562102830734,16.297884578689935,0.1582318891134945
7,20051020_44762_0100_PP.tif,981.251775147929,766.8316568047337,6.318284912802452,0.06134257196895584
8,20051020_44843_0100_PP.tif,1304.2063181436959,780.0315907184792,29.84805352589451,0.28978692743586904
9,20051020_44923_0100_PP.tif,1304.546052631579,773.8201754385965,11.286219737510578,0.10957494890786969
10,20051020_45004_0100_PP.tif,1295.2858820076312,789.3222776636337,15.1667699223255,0.14725019342063592
11,20051020_52801_0100_PP.tif,1297.7346253229973,777.3124031007752,7.515328610207973,0.07296435543891236
12,20051020_53997_0100_PP.tif,1312.2600411946446,780.9330587023687,6.5178999026592,0.06328058157921553
13,20051020_56592_0100_PP.tif,1306.1148648648648,776.6974148061105,8.214454009516583,0.07975198067491829
14,20051020_57157_0100_PP.tif,1297.1690060154683,781.8504726439415,1.178530226345906,0.011442041032484526
15,20051020_57622_0100_PP.tif,1302.85210312076,832.3872455902307,11.164724483696963,0.10839538333686372
16,20051020_57844_0100_PP.tif,1295.7693907875187,815.369985141159,9.826542946793525,0.09540332958051967
17,20051020_58214_0100_PP.tif,977.2892505934215,797.7616141064768,10.413855900837643,0.1011053970955111
18,20051020_61557_0100_PP.tif,968.9057177615572,791.9078467153284,4.9845610159417255,0.04839379627127889
19,20051020_61804_0100_PP.tif,1295.8649217809868,791.0246690734056,2.8650279884069993,0.027815805712689313
20,20051020_61998_0100_PP.tif,993.782121299224,808.396665708537,9.80070963655112,0.09515252074321476
21,20051020_62337_0100_PP.tif,971.5430849432689,782.7019319227231,15.626814773292697,0.15171664828439513
22,20051020_62461_0100_PP.tif,968.3255208333334,795.3284143518518,43.29915506171792,0.42038014623027103
23,20051020_62577_0100_PP.tif,977.5737226277372,776.0519708029196,3.9134287155082728,0.037994453548624005
24,20051020_62709_0100_PP.tif,1190.235159068547,842.6057723843883,23.840452175586133,0.23146070073384595
25,20051020_62878_0100_PP.tif,1151.1985422740524,741.2763848396502,14.255797451105396,0.13840580049616888
26,20051020_63269_0100_PP.tif,975.4559600704639,793.8135642982971,6.394509459010694,0.06208261610689994
27,20051020_63711_0100_PP.tif,981.1466706658668,775.4286142771446,6.609064047335177,0.06416567036247744
28,20051020_63936_0100_PP.tif,979.1960842479976,800.624443785227,6.731557991426663,0.06535493195559867
29,20051020_64249_0100_PP.tif,980.4344559585493,792.1181347150259,10.406883583740557,0.10103770469651026
30,20051020_64518_0100_PP.tif,983.9165919282511,807.5940209267563,21.538865975574158,0.20911520364635106
31,20051020_64653_0100_PP.tif,981.7394408090422,797.0725758477097,10.36206470721289,0.10060256997294068
32,20051020_64775_0100_PP.tif,1144.743465909091,764.971875,16.980021973188606,0.16485458226396704
33,20051020_64945_0100_PP.tif,973.4813278008298,788.0074096028453,10.936089891672335,0.10617563001623627
34,20051020_65230_0100_PP.tif,1287.1805233521034,771.0380920834714,7.6476688361567815,0.07424921200152215
35,20051021_36208_0100_PP.tif,1295.3802654356607,786.4151759953837,10.433597746944919,0.1012970655043196
36,20051021_36476_0100_PP.tif,1295.51662253604,784.5972344807296,5.5313058375628135,0.053701998422939934
37,20051021_39661_0100_PP.tif,969.1399832355406,796.9360156468288,4.191383543588778,0.04069304411251241
38,20051021_39845_0100_PP.tif,1127.0592182030339,863.9894982497083,6.442964000391028,0.06255304854748571
39,20051021_40018_0100_PP.tif,990.5690798961639,788.7349293337179,27.486065875267144,0.26685500849773924
40,20051021_40180_0100_PP.tif,1142.3965568417927,779.7794597803503,14.417642194483577,0.13997710868430657
41,20051021_40377_0100_PP.tif,976.4724201636316,793.2644497228821,10.553244592128024,0.10245868536046625
42,20051021_51418_0100_PP.tif,972.5102720710717,795.7845641310383,12.238617056110735,0.11882152481660908
43,20051021_51561_0100_PP.tif,989.9209328782708,787.7326507394766,12.610301612531977,0.1224301127430289
44,20051021_51748_0100_PP.tif,974.2029673590505,789.0572700296736,12.943656521676223,0.1256665681716138
45,20051021_51936_0100_PP.tif,979.0141566265061,786.3262048192771,5.078182282608443,0.04930274060784896
46,20051021_52075_0100_PP.tif,960.8941877794337,779.8050670640835,5.444560021127796,0.05285980603036695
47,20051021_57798_0100_PP.tif,1138.5806818181818,770.0133522727273,24.482644253780133,0.23769557527941876
48,20051021_57975_0100_PP.tif,981.9340691257624,790.4449607900087,16.080700185454358,0.15612330277140155
49,20051021_58178_0100_PP.tif,968.7444959443801,779.196697566628,20.267253441405607,0.19676945088743308
50,20051021_58388_0100_PP.tif,974.2373363688105,796.5321570859419,3.79163745546838,0.03681201413076097
51,20051021_58802_0100_PP.tif,1291.2591749644382,775.1985775248934,6.916998574233873,0.06715532596343567
52,20051021_59459_0100_PP.tif,1005.058877017504,798.1236644691976,20.600302817141824,0.20000293997225072
53,20051021_59589_0100_PP.tif,962.7739597315436,805.1205369127517,21.33170087631255,0.20710389200303445
54,20051213_61802_0100_PP.tif,1315.4163434903048,781.2772853185595,3.983043243795057,0.038670322755291815
55,20051213_61951_0100_PP.tif,1313.175506555423,783.6945768772348,1.5439944849644085,0.014990237718101053
56,20051213_62188_0100_PP.tif,1300.9109766637857,786.7023912417171,4.289976728803699,0.04165025950294854
57,20051213_62314_0100_PP.tif,1295.6350782190132,787.1104091456077,6.847117900910476,0.06647687282437355
58,20051213_62437_0100_PP.tif,1278.2847510373444,784.7022821576763,16.966393716621262,0.1647222690934103
59,20051213_62572_0100_PP.tif,1301.8966521106258,777.1228529839884,3.451706008586809,0.03351170882123116
60,20051213_62705_0100_PP.tif,1319.1013812154697,773.1922651933702,20.353281893454948,0.19760467857723252
61,20051214_40456_0100_PP.tif,1297.734598540146,787.9343065693431,3.3165821360812977,0.0321998265638961
62,20051214_40596_0100_PP.tif,1310.5709733487834,791.8664542294322,11.815927849622145,0.11471774611283636
63,20051214_40767_0100_PP.tif,1298.8315602836878,787.278073286052,11.513709548410272,0.11178358784864342
64,20051214_40912_0100_PP.tif,1297.6577712609972,776.4436950146628,3.0467853110857464,0.029580439913453847
65,20051214_41055_0100_PP.tif,1293.1269414575866,777.6586021505376,11.892742582074206,0.11546352021431268
66,20051214_41358_0100_PP.tif,1294.2453443689033,773.96807567248,14.141206338816572,0.1372932654254036
67,20051214_41490_0100_PP.tif,1329.0067443286327,781.1253832004904,9.035684927915735,0.08772509638753141
68,20051214_42133_0100_PP.tif,968.3867565191913,790.0055669498975,22.185310325767944,0.21539136238609655
69,20051214_42323_0100_PP.tif,972.2745277269958,794.2501523461304,15.364995836713344,0.1491747168612946
70,20051214_50812_0100_PP.tif,1302.7894891368173,782.1021726365238,23.978952482844527,0.2328053639111119
71,20051214_50933_0100_PP.tif,1300.0459363957598,786.4393404004711,7.632663789524815,0.07410353193713413
72,20051214_51071_0100_PP.tif,1286.6023029229407,766.9058163566579,9.708167775965212,0.09425405607733216
73,20051214_51211_0100_PP.tif,1295.687278106509,793.812426035503,9.13118508765458,0.0886522824044134
74,20051214_51342_0100_PP.tif,1295.5665124349334,784.5034702139965,4.900465019146305,0.04757733028297383
75,20051214_51469_0100_PP.tif,1298.196412819759,785.5868862099383,12.613071406846682,0.1224570039499678
76,20051214_51609_0100_PP.tif,1152.455291970803,796.1806569343066,13.016586862384603,0.12637462973188934
77,20051214_51733_0100_PP.tif,1275.7159487776485,782.4439270469538,19.695841813059367,0.19122176517533365
78,20051214_51840_0100_PP.tif,1299.8152885187387,787.4610350981559,3.8531687799315737,0.037409405630403625
79,20051214_52204_0100_PP.tif,1161.9627994955863,729.8042244640606,4.354194042407113,0.04227372856705935
80,20051214_52349_0100_PP.tif,1272.7512308137852,809.2823631624674,8.749945129352868,0.08495092358595017
81,20051214_52611_0100_PP.tif,980.6158330776311,789.7490027615834,14.708722415804646,0.14280313025053054
82,20051214_52707_0100_PP.tif,1293.6753753753753,781.6804804804805,6.3555061840306415,0.06170394353427807
83,20051214_56169_0100_PP.tif,985.0587358378057,793.8321407274896,5.869533532659679,0.056985762453006586
84,20051214_56269_0100_PP.tif,1298.3924278846155,759.65234375,3.8510717905362477,0.037389046510060656
85,20051214_56438_0100_PP.tif,1054.4077615298088,807.1411698537682,7.983921579783371,0.07751380174546962
86,20051214_56565_0100_PP.tif,1290.2071596244132,787.0865610328639,4.807802191543183,0.0466776911800309
87,20051214_56688_0100_PP.tif,1296.5178090392099,773.6635737803053,3.4088354970436745,0.033095490262559944
88,20051214_56971_0100_PP.tif,1331.750073594348,795.3261701501325,7.409995398509327,0.0719417028981488
89,20051214_57154_0100_PP.tif,1302.0745840504876,785.4982788296041,15.80030739459422,0.1534010426659633
90,20051214_57260_0100_PP.tif,1321.4379027533685,763.8790275336848,26.574455903637258,0.2580044262489054
91,20051214_57404_0100_PP.tif,1312.8652331920048,785.251968503937,11.207362286461382,0.10880934258700371
92,20051214_57817_0100_PP.tif,1305.575,773.6279069767442,12.796774996497367,0.12424053394657639
93,20060522_43643_0100_PP.tif,975.0602985074627,787.7638805970149,6.8702028201451855,0.06670099825383675
94,20060522_45069_0100_PP.tif,1306.6247113163972,789.8166859122402,4.7736974129392875,0.04634657682465328
95,20060522_45212_0100_PP.tif,969.1461538461539,779.5275147928994,2.9021905048686936,0.028176606843385375
96,20060522_45402_0100_PP.tif,977.8957020057306,791.3375358166189,12.109003276966021,0.11756313861132059
97,20060522_45541_0100_PP.tif,976.5141111434391,792.5923770730288,7.653378124429149,0.07430464198474902
98,20060522_45691_0100_PP.tif,983.4333140877598,783.3429561200924,19.208815428355397,0.18649335367335337
99,20060522_45777_0100_PP.tif,971.1867307114981,782.119783848694,11.192804710686179,0.10866800689986582
100,20060522_45853_0100_PP.tif,997.4963898916967,797.5983754512636,21.23624501447092,0.20617713606282448
101,20060522_45935_0100_PP.tif,986.8205657041839,770.3886269888037,13.40992642921221,0.13019346047778843
102,20060522_46104_0100_PP.tif,993.3782414307004,771.6694485842027,11.74105322440812,0.11399080800396233
103,20060522_46266_0100_PP.tif,978.4612922002328,776.0157159487776,23.727130382353447,0.2303604891490626
104,20060522_46400_0100_PP.tif,1281.2704663212435,789.6842832469775,12.630299674156511,0.12262426868113117
105,20060523_42953_0100_PP.tif,1310.769948810599,776.2517314062029,6.809296445757605,0.06610967423065636
106,20060523_43038_0100_PP.tif,1298.0686732904735,781.3489187609584,3.9848759675639043,0.03868811618994082
107,20060523_43123_0100_PP.tif,1271.3987034035656,776.7009724473257,4.272571223917204,0.04148127401861363
108,20060523_43196_0100_PP.tif,1305.9589247961342,777.3572938689217,13.671859483333048,0.13273649983818492
109,20060523_43267_0100_PP.tif,1295.2775436484046,787.5439494280554,3.5307546977663593,0.03427917182297436
110,20060523_43354_0100_PP.tif,1259.542214431785,798.0631025416301,7.864076458767281,0.07635025688123574
111,20060523_45300_0100_PP.tif,980.2774834437087,795.9403973509934,16.23816185812534,0.1576520568750033
112,20060523_45369_0100_PP.tif,1144.5916520723877,753.0452422650321,8.912532930025112,0.0865294459225739
113,20060523_45449_0100_PP.tif,968.6102538576406,806.4878048780488,21.67224083711511,0.2104101052147098
114,20060523_45524_0100_PP.tif,1067.8109935332159,550.8465608465608,11.059053000220176,0.10736944660407938
115,20060523_45662_0100_PP.tif,975.0550538887271,785.218467812409,3.2189386434315366,0.03125183148962657
116,20060523_45787_0100_PP.tif,1003.6560344827586,799.7189655172414,7.661190793975084,0.07438049314538916
117,20060523_47987_0100_PP.tif,968.0,775.3573704025484,8.025769296430141,0.07792009025660332
118,20060523_48028_0100_PP.tif,1175.1415745856355,751.7513812154696,6.137159570313927,0.05958407349819347
119,20060523_48136_0100_PP.tif,936.5966981132076,784.4643278301887,25.010228056992176,0.24281774812613763
120,20060523_48182_0100_PP.tif,975.7392769607843,788.530024509804,11.801057427440131,0.11457337308194303
121,20060523_48357_0100_PP.tif,963.6024602460246,776.5034503450345,17.50691886588597,0.16997008607656283
122,20060523_48425_0100_PP.tif,1294.0186534538036,776.3034100845234,3.346241370310031,0.03248778029427215
123,20060523_48499_0100_PP.tif,1293.751956652619,773.3413606261288,5.259133583876916,0.05105954935802831
124,20060523_48591_0100_PP.tif,1302.9480676328503,773.4713164251208,2.7005689878842793,0.026219116387226012
125,20060523_48659_0100_PP.tif,1301.3568851473242,776.3998797354179,10.525967413657554,0.1021938583850248
126,20060523_48728_0100_PP.tif,1299.2126854815247,770.30026185627,9.386619453592353,0.09113222770478012
127,20060523_48816_0100_PP.tif,1306.3711160825255,793.0052199850858,24.931540299347006,0.2420537893140486
128,20060523_48931_0100_PP.tif,1299.5116071428572,792.7419642857143,4.288660631567288,0.041637481859876584
129,20060523_49010_0100_PP.tif,1308.388954518606,787.7838157117543,6.467431698149674,0.06279059901116188
130,20060523_49120_0100_PP.tif,1302.3849275362318,787.2953623188406,3.479553443405079,0.033782072266068726
131,20060523_49191_0100_PP.tif,1298.4247734138974,775.3522658610271,6.9833200799866555,0.06779922407754034
132,20060523_49288_0100_PP.tif,1302.3491921005386,777.2360861759425,7.973583314418756,0.0774134302370753
133,20060523_49515_0100_PP.tif,1138.0782938942448,873.1241600934852,4.5499066840532985,0.044173851301488334
134,20060523_49591_0100_PP.tif,1302.3650190114067,783.2339865457736,4.779971038045638,0.046407485806268335
135,20060523_49681_0100_PP.tif,1294.1473562554174,789.2005200809015,13.904567133822258,0.13499579741575007
136,20060523_49745_0100_PP.tif,1292.447849145551,790.0668827342369,5.096878575027704,0.04948425800997771
137,20060523_49859_0100_PP.tif,989.0263917525773,788.3962886597938,8.036168817771436,0.07802105648321783
138,20060523_49928_0100_PP.tif,1125.5202885482418,847.1166215810039,3.918077094514144,0.03803958344188489
139,20060523_50003_0100_PP.tif,973.6757142857143,781.3037142857142,7.6780375575203585,0.07454405395650833
140,20060523_50135_0100_PP.tif,975.3582045184304,783.7327586206897,5.018807862006679,0.048726289922394944
141,20060523_50234_0100_PP.tif,1139.4167143674872,742.8142530051517,10.4453121843313,0.10141079790612913
142,20060523_50325_0100_PP.tif,975.6259101941748,788.4799757281553,2.422122851083578,0.023515755835762896
143,20060523_50392_0100_PP.tif,987.7146780592004,782.6856881293867,5.362152122650397,0.05205972934612036
144,20060523_50489_0100_PP.tif,1282.7265725288833,772.9672657252888,11.597113246628997,0.11259333249154366
145,20060523_50556_0100_PP.tif,1296.3783146729522,781.7474955804361,7.106815147881001,0.06899820531923302
146,20060523_50631_0100_PP.tif,1302.632047477745,777.0578635014837,10.34705687179343,0.10045686283294593
147,20060523_50730_0100_PP.tif,1300.8486197684774,792.0175126150193,8.817099289560817,0.08560290572389143
148,20060523_50806_0100_PP.tif,1288.461447562777,775.5630723781388,9.655605776369152,0.09374374540164225
149,20060529_56039_0100_PP.tif,1302.2772426249248,781.3464780252859,6.311169934616517,0.06127349451083997
150,20060529_56338_0100_PP.tif,1314.5402829916256,804.517470401386,8.594738406773129,0.08344406220168087
151,20060529_56442_0100_PP.tif,1305.1337922777611,784.2071236156839,0.8040854024260231,0.007806654392485661
152,20060529_56592_0100_PP.tif,1303.1127694859038,794.0023217247098,8.439332966600803,0.08193527152039615
153,20060529_56730_0100_PP.tif,1306.4400715563506,789.4317233154443,2.1291542562085977,0.02067140054571454
154,20060529_56853_0100_PP.tif,1314.8197496522948,787.4684283727399,3.2934222641526,0.03197497343837476
155,20060529_56968_0100_PP.tif,1306.2323442136499,777.2563798219585,5.076490226760159,0.04928631288116659
156,20060529_57063_0100_PP.tif,1301.5520308330863,770.2614882893566,3.7433017193854363,0.03634273513966443
157,20060529_57174_0100_PP.tif,1299.7716488730723,793.7372479240806,3.5295998275673766,0.0342679594909454
158,20060529_57287_0100_PP.tif,1299.8016014234875,778.9513641755634,6.101521136470379,0.05923806928612019
159,20060529_57447_0100_PP.tif,1293.0506987325316,779.0100747481313,6.749119065746417,0.06552542782278074
160,20060530_36860_0100_PP.tif,971.1442273534635,795.8021314387212,12.13483702652981,0.11781395171388165
161,20060530_51254_0100_PP.tif,983.6078733230702,785.4979107103585,9.849432020737224,0.09562555359939053
162,20060530_51377_0100_PP.tif,973.6952264381885,782.0572215422277,7.918732243711868,0.07688089557001813
163,20060530_52988_0100_PP.tif,991.4884945938453,796.4336013307458,4.546920769300474,0.04414486183786868
164,20060530_53062_0100_PP.tif,1309.7948337292162,786.7075415676959,4.538625515544026,0.044064325393631316
165,20060530_53152_0100_PP.tif,1298.5353836966258,787.9199761122723,3.465540355011534,0.03364602286418965
166,20060530_53271_0100_PP.tif,1303.245788336933,782.8194384449243,2.7985902262236317,0.027170778895375065
167,20060530_53455_0100_PP.tif,1273.6027734976888,762.2807395993837,4.984004576013052,0.04838839394187429
168,20060530_53540_0100_PP.tif,1290.6437346437347,782.1084591084591,17.50653614289252,0.16996637031934486
169,20060530_53617_0100_PP.tif,1307.534038901602,781.6015446224256,9.73408016399536,0.09450563266014912
170,20060530_53761_0100_PP.tif,1304.8819736473226,772.389963554808,11.89762338537122,0.11551090665408952
171,20060530_53836_0100_PP.tif,1315.9420010995052,787.3471687740516,5.45990210916647,0.05300875834142204
172,20060530_53954_0100_PP.tif,1320.8266040688577,786.6037558685446,5.358500082577529,0.052024272646383776
173,20060530_54030_0100_PP.tif,1309.9266158622636,776.0747953711543,5.807401349035492,0.05638253736927662
174,20060530_54117_0100_PP.tif,1302.6428367171861,782.6436945953675,2.442419743791596,0.02371281304652035
175,20060530_54242_0100_PP.tif,1018.268485915493,1011.8664906103286,2.545963122924392,0.024718088572081475
176,20060530_54332_0100_PP.tif,1312.0223036969142,772.1943171402384,4.102200860601897,0.039827192821377644
177,20060530_54529_0100_PP.tif,1114.7248512326437,840.0008500991783,4.390740017816282,0.042628543862294
178,20060530_54632_0100_PP.tif,960.6849237718803,788.9127611518916,19.278506373230186,0.1871699647886426
179,20060530_54718_0100_PP.tif,974.5568053993251,782.0590551181102,11.219896309258557,0.10893103212872385
180,20060530_55203_0100_PP.tif,1091.857017799825,894.4172745841844,6.026053829368015,0.05850537698415549
181,20060530_55370_0100_PP.tif,978.2177275431291,771.0999405116003,5.862111695598065,0.056913705782505486
182,20060530_55451_0100_PP.tif,957.7747502270663,796.9291553133514,7.903044851156237,0.07672859078792463
183,20060530_55628_0100_PP.tif,1308.930412371134,770.864833906071,22.034108128459668,0.21392337988795793
184,20060530_55746_0100_PP.tif,1305.367393426619,789.4240156199154,5.1480609529671,0.04998117430065146
185,20060530_55837_0100_PP.tif,1318.8650519031141,775.05276816609,7.193222418040617,0.06983711085476327
186,20051216_43913_0200_PP.tif,827.4400269541779,522.2769541778976,0.6247186796488042,0.009187039406600062
187,20051216_44092_0200_PP.tif,764.4777327935223,671.6707152496626,15.57908139707775,0.22910413819231987
188,20051216_44252_0200_PP.tif,817.8582995951417,527.7678812415654,4.503230654528164,0.06622398021364947
189,20051216_44420_0200_PP.tif,827.5665322580645,531.6498655913979,1.6051845437967107,0.02360565505583398
190,20051216_44660_0200_PP.tif,818.4391672088484,529.1444372153546,4.750475299151406,0.06985993086987362
191,20051216_44832_0200_PP.tif,816.6735330836455,519.8489388264669,3.4330859698941913,0.05048655838079693
192,20051216_44961_0200_PP.tif,817.0269028871392,515.504593175853,4.997711757930452,0.07349576114603606
193,20051216_45100_0200_PP.tif,822.4050880626223,529.4090019569471,6.845418517017091,0.1006679193678984
194,20051216_45375_0200_PP.tif,831.9057553956834,513.1841726618705,6.908210850458379,0.10159133603615263
195,20051216_45499_0200_PP.tif,828.6391129032259,522.953629032258,1.1479867744165,0.01688215844730147
196,20051216_45619_0200_PP.tif,824.7618733509235,516.532981530343,10.10292065705062,0.1485723626036856
197,20051216_45781_0200_PP.tif,826.6541302887845,507.0496977837475,3.2427840579958205,0.04768800085287971
198,20051216_45899_0200_PP.tif,820.624,516.21,4.123284613023918,0.06063653842682232
199,20051216_46018_0200_PP.tif,816.4420485175202,511.7648247978437,6.265361712960836,0.09213767224942405
200,20051216_46183_0200_PP.tif,831.9249363867684,523.320610687023,3.3727735368956213,0.049599610836700316
201,20051216_46660_0200_PP.tif,823.1148738379813,522.9747675962815,3.176820096653502,0.04671794259784562
202,20051216_46847_0200_PP.tif,800.2948387096774,513.7335483870968,5.6907840497541535,0.08368800073167873
203,20051216_47420_0200_PP.tif,830.5954146999326,511.19824679703305,4.409197441232447,0.06484113884165363
204,20051216_47536_0200_PP.tif,827.767915844839,522.9618671926364,5.1852682518764865,0.07625394488053656
205,20051216_47703_0200_PP.tif,831.6386785960083,521.7825189263592,1.893484637336125,0.027845362313766543
206,20060407_38711_0200_PP.tif,610.1549573210768,524.4556795797768,1.9236598469895803,0.028289115396905592
207,20060407_39155_0200_PP.tif,599.010053619303,525.1253351206434,6.317641396086885,0.09290649111892478
208,20060407_39306_0200_PP.tif,606.5051679586563,529.0,6.498014074662737,0.09555903050974612
209,20060407_39402_0200_PP.tif,602.2318210068365,521.9745183343691,4.354299218065749,0.06403381203037865
210,20060407_39546_0200_PP.tif,619.29203539823,516.9591558883594,2.8728126118168023,0.04224724429142356
211,20060407_39667_0200_PP.tif,608.1157078215901,528.530058177117,6.026410276267799,0.08862368053334999
212,20060407_39761_0200_PP.tif,612.9879839786382,526.8164218958611,5.467020937883974,0.08039736673358786
213,20060407_40582_0200_PP.tif,615.6828793774318,525.4014267185473,5.350706653163541,0.07868686254652266
214,20060407_40740_0200_PP.tif,612.4764119601329,519.9900332225914,7.184504221934973,0.1056544738519849
215,20060407_40937_0200_PP.tif,619.0012763241864,526.0025526483727,5.382320722935867,0.07915177533729216
216,20060407_41149_0200_PP.tif,601.1965757767914,530.4356372859861,9.134145118327254,0.13432566350481256
217,20060407_41312_0200_PP.tif,606.0184696569921,527.424802110818,2.424872451255239,0.035659888989047636
218,20060407_41809_0200_PP.tif,622.064076346285,523.774369461486,4.647983846899143,0.06835270363086975
219,20060407_41937_0200_PP.tif,611.9641909814324,529.0450928381963,1.9552351002071817,0.028753457355987968
220,20060407_42099_0200_PP.tif,613.7575957727873,518.0825627476883,5.353012626940041,0.07872077392558884
221,20060407_42290_0200_PP.tif,604.7685676392573,528.4562334217507,5.519356972026509,0.08116701429450748
222,20060407_43223_0200_PP.tif,605.4461136512084,540.0013063357283,8.128286331776371,0.1195336225261231
223,20060407_43436_0200_PP.tif,607.1396276595744,517.3244680851064,2.2836814474628455,0.03358355069798302
224,20060407_43594_0200_PP.tif,611.0956690368455,521.1577246283128,5.477853621786606,0.08055667090862656
225,20060407_43726_0200_PP.tif,577.5632953784327,527.5552578700602,5.068852139728358,0.07454194323129938
226,20060407_43856_0200_PP.tif,811.7555410691004,517.9537157757496,5.596548472970199,0.08230218342603235
227,20060407_44061_0200_PP.tif,823.9209809264305,517.7329700272479,4.666671351177419,0.06862751987025616
228,20060407_44192_0200_PP.tif,814.5376569037657,511.14853556485355,8.09937285776276,0.11910842437886411
229,20060407_44304_0200_PP.tif,826.9251336898395,519.9852941176471,5.099328135213614,0.07499011963549433
230,20060407_44422_0200_PP.tif,825.3726009265387,515.4116479152879,8.393247550898357,0.1234301110426229
231,20060407_44529_0200_PP.tif,811.5286425902864,513.5790784557908,3.5758426123004887,0.052585920769124835
232,20060407_44636_0200_PP.tif,822.3750802825947,514.228002569043,2.8415654858605497,0.04178772773324338
233,20060407_44766_0200_PP.tif,823.498332221481,522.454302868579,4.980993523346402,0.07324990475509416
234,20060407_44889_0200_PP.tif,818.4344644045243,516.9807052561544,4.541613959204578,0.0667884405765379
235,20060407_45107_0200_PP.tif,824.9919839679359,519.8917835671343,2.182493541599699,0.0320954932588191
236,20060407_45247_0200_PP.tif,812.6380890052355,516.5876963350786,6.375257313819774,0.09375378402676138
237,20060407_45379_0200_PP.tif,818.063035495716,519.8047735618115,4.833885004944689,0.07108654419036307
238,20060407_45494_0200_PP.tif,824.9986422267482,529.2172437202987,5.1746497273183865,0.07609779010762333
239,20060407_45611_0200_PP.tif,825.51728553137,525.0096030729834,6.502245783385622,0.0956212615203768
240,20060407_45737_0200_PP.tif,826.206499661476,510.8794854434665,4.188228174165244,0.0615915907965477
241,20060407_45852_0200_PP.tif,827.6864576384256,525.422281521014,5.275446233618912,0.07758009167086635
242,20060407_45949_0200_PP.tif,820.3047923322683,521.8626198083067,6.306288898401283,0.09273954262354828
243,20060407_46070_0200_PP.tif,823.1292929292929,520.8754208754209,0.8849171547031005,0.013013487569163243
244,20060407_46257_0200_PP.tif,821.4119669876204,514.0034387895461,1.4119711751319208,0.02076428198723413
245,20060407_46422_0200_PP.tif,823.1117021276596,515.6828457446809,4.318599104981102,0.06350881036736915
246,20060410_39075_0200_PP.tif,818.1141868512111,515.3973471741638,4.066374136211623,0.05979961965017093
247,20060410_39229_0200_PP.tif,825.5611899932387,524.3955375253549,0.7469465210360589,0.010984507662294984
248,20060410_39355_0200_PP.tif,801.9375415282392,512.4551495016611,1.5461125841647239,0.02273694976712829
249,20060410_39500_0200_PP.tif,802.7348684210526,508.2671052631579,3.549582329317638,0.05219974013702409
250,20060410_39606_0200_PP.tif,676.5783050847458,491.0833898305085,5.750493048069129,0.08456607423631071
251,20060410_39726_0200_PP.tif,817.3845637583893,478.8503355704698,1.2122778496671172,0.017827615436281134
252,20060410_39879_0200_PP.tif,825.2547478716438,527.8834315651604,5.602170391897213,0.08238485870437079
253,20060410_39994_0200_PP.tif,828.9079837618403,525.8146143437077,16.849033369683312,0.24777990249534282
254,20060410_40165_0200_PP.tif,817.6245210727969,518.2099616858237,5.555261506288675,0.08169502215130404
255,20060410_40274_0200_PP.tif,821.223489932886,515.6510067114094,4.978739945822938,0.07321676390916086
256,20060410_40403_0200_PP.tif,733.9980544747082,476.50389105058366,13.791845397556134,0.20282125584641375
257,20060410_40499_0200_PP.tif,812.0456651224355,521.391793514229,2.474234220804259,0.03638579736476851
258,20060410_40633_0200_PP.tif,818.5003376097231,522.0081026333559,3.499671770121535,0.051465761325316696
259,20060410_40846_0200_PP.tif,822.842284160435,517.931339225017,2.350134123058693,0.03456079592733372
260,20060410_40979_0200_PP.tif,824.0006518904825,514.0084745762712,4.125801318508465,0.060673548801595076
261,20060410_41098_0200_PP.tif,837.3189480782198,514.7525286581255,5.022852994795549,0.07386548521758161
262,20060410_41209_0200_PP.tif,820.7169117647059,520.2647058823529,5.949189458400032,0.08748808027058871
263,20060410_41356_0200_PP.tif,804.7620396600566,524.0807365439093,14.278918240509013,0.20998409177219135
264,20060410_41626_0200_PP.tif,822.375,518.3320105820105,3.7208562684525672,0.054718474536067166
265,20060410_41767_0200_PP.tif,817.1363636363636,525.3764204545455,2.6271209855371285,0.03863413214025189
266,20060410_41901_0200_PP.tif,822.2802631578948,523.7796052631579,2.8292671942833816,0.04160687050416738
267,20060410_43698_0200_PP.tif,828.0401606425703,514.4283801874163,3.982943298820625,0.05857269557089154
268,20060410_43868_0200_PP.tif,812.5653282345443,529.5774378585086,10.531194514356086,0.1548705075640601
269,20060410_43979_0200_PP.tif,815.699934768428,514.8943248532289,5.801407334281141,0.08531481373942854
270,20060410_44124_0200_PP.tif,815.8515878159429,528.1043421905379,2.397312370002794,0.03525459367651168
271,20060410_44248_0200_PP.tif,813.8265497808391,528.6556042579837,0.6781606901120817,0.009972951325177672
272,20060410_44364_0200_PP.tif,822.0153435623749,521.9506337558372,6.672507192764431,0.0981251057759475
273,20060410_44504_0200_PP.tif,816.4316267012314,516.5392093324692,2.498357924442059,0.036740557712383215
274,20060410_44623_0200_PP.tif,814.9932795698925,514.8481182795699,2.313819003827197,0.03402675005628231
275,20060410_44953_0200_PP.tif,823.2650273224044,526.7042349726776,1.872452159267453,0.027536061165697838
276,20060410_45188_0200_PP.tif,826.2257234726688,527.0385852090033,5.185531693070421,0.07625781901574148
277,20060410_46893_0200_PP.tif,829.104942450914,522.4766418415708,0.4880577457020932,0.007177319789736665
278,20060410_47042_0200_PP.tif,820.126920507682,526.942551770207,2.6985059133670015,0.0396839104906912
279,20060410_47186_0200_PP.tif,888.7765176784524,516.1501000667112,0.8787913544458056,0.012923402271261847
280,20060410_47351_0200_PP.tif,831.8192261185006,520.6021765417171,8.240777309008056,0.12118790160305964
281,20060411_51985_0200_PP.tif,828.3446174678402,521.3452945159106,0.7398651701744724,0.010880370149624594
282,20060411_57879_0200_PP.tif,849.3121577217963,518.5355969331873,3.4784380190853144,0.05115350028066639
283,20060411_57986_0200_PP.tif,807.3954397394136,521.4065146579804,6.605332810913795,0.09713724721932052
284,20060411_58071_0200_PP.tif,834.4385607603531,513.4507807196198,2.499644054635602,0.03675947139170003
285,20060411_58155_0200_PP.tif,832.4654939106902,519.8971583220568,5.32298433301039,0.07827918136779985
286,20060411_58238_0200_PP.tif,829.9466484268125,517.796853625171,1.53091621039519,0.02251347368228221
287,20060411_58328_0200_PP.tif,830.3593333333333,518.2366666666667,3.251020079229836,0.04780911881220347
288,20060411_58413_0200_PP.tif,822.1422950819672,513.7540983606557,11.757720620728648,0.172907656187186
289,20060411_58494_0200_PP.tif,818.5038461538461,512.4128205128205,3.839561230205869,0.0564641357383216
290,20060411_58644_0200_PP.tif,813.5784313725491,533.4875816993464,2.989267043791375,0.04395980946752022
291,20060411_58736_0200_PP.tif,826.189620758483,518.0319361277445,9.398000057992054,0.1382058832057655
292,20060411_58829_0200_PP.tif,826.275816122585,506.1605596269154,1.5272088654182503,0.022458953903209563
293,20060411_58913_0200_PP.tif,820.9507550886408,507.73670387393304,1.2820481589554826,0.018853649396404156
294,20060411_58993_0200_PP.tif,815.5013661202186,513.6625683060109,2.390025663069428,0.035147436221609235
295,20060411_59176_0200_PP.tif,610.1627595445411,529.2813127930342,9.002816480579106,0.13239436000851626
296,20060411_59549_0200_PP.tif,595.0123881624226,525.1589814177564,4.990144981213924,0.07338448501785183
297,20060411_59638_0200_PP.tif,595.2186261558785,515.2232496697491,7.876935867234128,0.11583729216520776
298,20060411_59728_0200_PP.tif,613.1931888544891,533.338080495356,2.24833848154469,0.033063801199186615
299,20060411_59859_0200_PP.tif,814.3266712611992,510.30461750516884,3.398573008514921,0.04997901483110178
300,20060411_59941_0200_PP.tif,828.7514677103718,520.5714285714286,2.4412553087830418,0.035900813364456496
301,20060411_60028_0200_PP.tif,824.7409675443968,513.9779546846295,4.079909431297384,0.059998668107314475
302,20060411_60283_0200_PP.tif,821.5783456624075,518.728984532616,5.4725945883647364,0.08047933218183435
303,20060411_60368_0200_PP.tif,823.4511533242877,521.0013568521031,1.0982963476537735,0.016151416877261376
304,20060411_60446_0200_PP.tif,835.4161313347608,524.8722341184869,4.796610945269888,0.07053839625396895
305,20060411_60533_0200_PP.tif,827.9785378940309,526.176391683434,3.4924540481481836,0.051359618355120346
306,20060411_61060_0200_PP.tif,815.6575067024129,522.7345844504022,2.2911589362704077,0.033693513768682466
307,20060411_61214_0200_PP.tif,828.0129533678756,517.5660621761658,6.780754033668218,0.09971697108335616
308,20060411_61419_0200_PP.tif,829.5259308510638,520.5093085106383,3.562524880683918,0.0523900717747635
309,20060411_61494_0200_PP.tif,817.1520270270271,514.7425675675676,4.260145905209619,0.06264920448837674
310,20060411_61564_0200_PP.tif,816.679572763685,512.4659546061415,5.10183619583231,0.07502700287988691
311,20060411_61641_0200_PP.tif,817.82689747004,518.2350199733688,2.79955873310879,0.04116998136924691
312,20060411_61702_0200_PP.tif,813.5056532663317,524.2751256281407,13.331621548253425,0.19605325806255036
313,20060411_61808_0200_PP.tif,818.3147039254824,518.7638057218895,2.6241247218599577,0.038590069439117025
314,20060411_61901_0200_PP.tif,823.16500332668,517.3539587491683,12.560650647836216,0.18471545070347375
315,20060411_61979_0200_PP.tif,827.4090006618134,523.1707478491065,3.777026181143628,0.05554450266387688
316,20060411_62058_0200_PP.tif,833.2481556002683,520.4929577464789,5.558127776821543,0.0817371731885521
317,20060411_62162_0200_PP.tif,804.9045698924731,514.2016129032259,6.2127402782463355,0.09136382762126964
318,20060411_62250_0200_PP.tif,813.127935723115,522.0383189122373,2.3351533046610538,0.03434048977442726
319,20060411_62319_0200_PP.tif,822.0315224681422,518.7780013413816,5.197634187611363,0.0764357968766377
320,20060411_62390_0200_PP.tif,826.9195478723404,512.154920212766,1.476282150329436,0.02171003162249171
321,20060412_51677_0200_PP.tif,663.0127090301004,478.12307692307695,3.9891900440612162,0.05866455947148847
322,20060412_51775_0200_PP.tif,828.3426219126029,525.0443318556048,6.964192396422974,0.10241459406504373
323,20060412_51860_0200_PP.tif,779.7581913499345,504.66972477064223,5.298166434451597,0.07791421227134701
324,20060412_51952_0200_PP.tif,822.8004005340454,520.1335113484646,5.614708803366784,0.08256924710833506
325,20060412_52038_0200_PP.tif,822.5559254327563,524.9893475366179,3.6967585916669963,0.05436409693627936
326,20060412_52122_0200_PP.tif,811.4025452109846,525.7220361687877,3.4548358278347377,0.05080640923286379
327,20060412_52194_0200_PP.tif,817.7635869565217,501.20108695652175,8.581680495956945,0.12620118376407272
328,20060412_52271_0200_PP.tif,826.7377483443709,513.4807947019867,4.183609504119799,0.061523669178232335
329,20060412_52371_0200_PP.tif,821.358889623265,508.862524785195,4.4510610444873935,0.06545678006599108
330,20060412_52446_0200_PP.tif,821.2634048257373,513.6092493297588,2.704048912456145,0.039765425183178604
331,20060412_52587_0200_PP.tif,611.1461590754589,520.3888511216859,5.919804358735359,0.08705594645199057
332,20060412_52668_0200_PP.tif,589.2952005259698,524.0986193293886,4.790367961251701,0.07044658766546619
333,20060412_52758_0200_PP.tif,610.5415848068108,510.0353634577603,7.7311487890986825,0.11369336454556886
334,20060412_52840_0200_PP.tif,620.7332002661344,537.8137059214904,3.1974446129270344,0.04702124430775051
335,20060412_52910_0200_PP.tif,665.1374159820762,518.362210604929,10.698424104986987,0.15732976624980863
336,20060412_52978_0200_PP.tif,611.7741712707182,526.7658839779006,3.315501358507459,0.04875737291922734
337,20060412_53045_0200_PP.tif,648.7970540098199,506.4140752864157,13.35006000159659,0.19632441178818516
338,20060412_57680_0200_PP.tif,771.2715143428952,521.8559039359573,2.5433704436705202,0.037402506524566476
339,20060412_57874_0200_PP.tif,719.9688979039892,558.6592292089249,4.0454800506877975,0.05949235368658526
340,20060412_57974_0200_PP.tif,825.478,518.346,7.115911747625893,0.10464576099449843
341,20060412_58054_0200_PP.tif,834.3034528552457,518.8081009296149,10.45772291894974,0.15379004292573148
342,20060412_58171_0200_PP.tif,823.9824679703304,525.2717464598786,2.111997270851747,0.031058783394878633
343,20060412_58314_0200_PP.tif,826.4837370242215,514.7169550173011,2.616410491514488,0.038476624875213056
344,20060412_58387_0200_PP.tif,830.4177386594448,519.5619498984428,3.8337279488118177,0.05637835218840909
345,20060412_58497_0200_PP.tif,833.2401384083045,516.4435986159169,8.645805220873916,0.1271441944246164
346,20060412_58563_0200_PP.tif,825.0711430855316,504.23501199040766,3.9358794811326976,0.05788058060489261
347,20060412_58668_0200_PP.tif,730.9543524416135,565.3418259023355,21.794982544236444,0.3205144491799477
348,20060412_58747_0200_PP.tif,824.816021724372,518.9307535641548,0.1965784189078416,0.002890859101585906
349,20060412_58819_0200_PP.tif,820.5339805825242,519.6245954692556,2.6783645457162844,0.039387713907592416
350,20060412_58945_0200_PP.tif,624.5909980430529,556.1389432485323,6.509416088062691,0.09572670717739251
351,20060412_59012_0200_PP.tif,618.7491548343476,522.9574036511156,0.25443613357674505,0.003741707846716839
352,20060412_59100_0200_PP.tif,602.3337783711615,514.2242990654206,4.992668434665569,0.07342159462743485
353,20060412_59175_0200_PP.tif,605.409541511772,517.910780669145,4.387627256116343,0.06452393023700505
354,20060412_59242_0200_PP.tif,602.6301282051282,520.2833333333333,10.448980117050713,0.1536614723095693
355,20060412_59338_0200_PP.tif,610.7026845637583,507.5020134228188,4.728977980204986,0.06954379382654391
356,20060412_59400_0200_PP.tif,610.0502512562814,506.9535175879397,1.482616990349227,0.021803191034547455
357,20060412_59636_0200_PP.tif,651.7873036649214,548.4947643979058,6.281630338370014,0.09237691674073549
358,20060412_59717_0200_PP.tif,628.8277340957827,524.1829878484632,24.24836289135284,0.3565935719316594
359,20060412_60337_0200_PP.tif,601.4400535833892,526.8499665103818,2.419877871346257,0.03558643928450378
360,20060412_60454_0200_PP.tif,604.6524926686217,538.2206744868035,2.4283186161952086,0.03571056788522366
361,20060412_60545_0200_PP.tif,600.0630391506304,519.7491705374918,5.105639325665363,0.07508293125978475
362,20060412_60751_0200_PP.tif,601.2356020942408,508.73298429319374,1.2887347081942109,0.01895198100285604
363,20060412_60825_0200_PP.tif,614.1666666666666,526.678045515395,1.763143434459718,0.025928579918525266
364,20060412_60895_0200_PP.tif,728.4460093896714,630.9939637826961,6.203818006724169,0.09123261774594366
365,20060412_61000_0200_PP.tif,825.4146341463414,510.04810298102984,2.5858133138429924,0.038026666380044004
366,20060412_61081_0200_PP.tif,819.8936031331593,512.7036553524804,4.386208741893246,0.06450306973372422
367,20060412_61169_0200_PP.tif,826.2372881355932,518.7765222849969,15.340501333273938,0.2255956078422638
368,20060412_61251_0200_PP.tif,819.4418291862811,517.9105581708137,9.657628584250412,0.14202394976838842
369,20060412_61316_0200_PP.tif,837.7525562372189,502.8391274710293,2.9873384253497783,0.04393144743161439
370,20060412_61383_0200_PP.tif,832.5499359795134,525.6927016645327,1.6070224825919903,0.023632683567529268
371,20060412_61450_0200_PP.tif,831.2908262849708,523.4398178269356,8.713704019307878,0.1281427061662923
372,20060412_61525_0200_PP.tif,823.2473190348526,513.8056300268097,2.808407047567947,0.0413001036407051
373,20060412_61615_0200_PP.tif,818.321568627451,526.6522875816993,5.183634047845904,0.07622991246832211
374,20060412_61681_0200_PP.tif,831.1385542168675,518.0896921017403,2.4001756217154386,0.03529670031934468
375,20060412_61808_0200_PP.tif,818.5064758009544,523.1608725289707,7.712244597128258,0.11341536172247438
376,20060412_62960_0200_PP.tif,838.9182282793868,511.4991482112436,7.578456809430828,0.11144789425633571
377,20060412_63032_0200_PP.tif,815.9946984758118,508.2776673293572,3.2558643653469668,0.04788035831392598
378,20060412_63104_0200_PP.tif,822.8861593768723,514.2953864589574,12.629586063043451,0.1857292068094625
379,20051109_57843_0400_PP.tif,646.7878192534381,520.8094302554027,23.242693289027613,0.3418043130739355
380,20051109_59751_0400_PP.tif,640.4172274562584,498.6742934051144,34.68495319014711,0.5100728410315751
381,20051109_59969_0400_PP.tif,640.8033112582782,511.63311258278145,3.825123656004941,0.0562518184706609
382,20051109_60136_0400_PP.tif,634.0853902601734,512.5903935957305,6.032900030571393,0.08871911809663813
383,20051110_34013_0400_PP.tif,637.1856086079355,501.28984532616005,5.486925911585031,0.08069008693507398
384,20051110_34493_0400_PP.tif,641.9388511426806,503.48424953675107,16.566199865837195,0.2436205862623117
385,20051110_35279_0400_PP.tif,851.3975659229209,504.56997971602436,8.97812161820438,0.13203120026771148
386,20051110_35926_0400_PP.tif,862.0400801603206,504.18904475617904,10.004805274178347,0.14712948932615216
387,20051110_38111_0400_PP.tif,864.3105084745763,505.64406779661016,2.3377632781141093,0.0343788717369722
388,20051110_38194_0400_PP.tif,847.0677374301677,500.62918994413405,1.6577797526733178,0.024379114009901733
389,20051110_38280_0400_PP.tif,739.4870848708487,559.4378843788438,8.699915344184214,0.1279399315321208
390,20051110_38352_0400_PP.tif,857.2928430728824,501.97504924491136,2.3605640704977686,0.03471417750732013
391,20051110_38411_0400_PP.tif,871.3322622107969,497.48778920308484,13.78092483045308,0.2026606592713688
392,20051110_38472_0400_PP.tif,642.4367046215673,502.6202277294039,10.760594626310438,0.1582440386222123
393,20051110_38644_0400_PP.tif,710.8348930481284,533.7433155080214,14.68186129131092,0.2159097248722194
394,20051116_43388_0400_PP.tif,648.8683510638298,506.18949468085106,4.872037593734614,0.07164761167256785
395,20051116_43679_0400_PP.tif,637.9919300605245,515.053799596503,12.39029602741343,0.18221023569725633
396,20051116_43721_0400_PP.tif,850.6818181818182,506.34893048128345,5.470240114432661,0.0804447075651862
397,20051116_43801_0400_PP.tif,852.4408967391305,496.16576086956525,1.8864843286372515,0.02774241659760664
398,20051116_43995_0400_PP.tif,852.8593648736228,503.43681140635124,10.971740306801209,0.1613491221588413
399,20051116_44051_0400_PP.tif,737.4864130434783,537.444972826087,2.073009938218367,0.03048544026791716
400,20051116_44083_0400_PP.tif,843.5788395904437,511.0047781569966,1.0806676674022544,0.01589217157944492
401,20051116_44482_0400_PP.tif,1520.463969997321,1087.106616662202,4.054247390553244,0.037194930188561875
402,20051116_44615_0400_PP.tif,1168.874137015401,894.6529474243229,17.658599706459313,0.16200550189412213
403,20051116_44690_0400_PP.tif,1017.5547290116897,804.6113177470776,16.52402138587965,0.15159652647596009
404,20051116_44750_0400_PP.tif,1349.4829104091145,820.540652511652,9.223524827456435,0.08461949382987555
405,20051116_44804_0400_PP.tif,1366.7113455106767,821.0836120401337,5.711957502956567,0.05240327984363823
406,20051116_54343_0400_PP.tif,633.7306648575305,508.9843962008141,6.562882601830904,0.09651297943868976
407,20051116_54454_0400_PP.tif,848.2032932235592,499.92020265991135,10.93047032385636,0.16074221064494648
408,20051116_54587_0400_PP.tif,857.3909153475568,495.01995870612524,1.1879814291656983,0.01747031513478968
409,20051116_54663_0400_PP.tif,742.9188290086494,577.8243512974052,5.398755069429174,0.0793934569033702
410,20051116_54825_0400_PP.tif,645.1713333333333,501.37466666666666,6.857239256597526,0.10084175377349303
411,20051116_54839_0400_PP.tif,645.4290240811154,508.40747782002535,6.992865164390477,0.10283625241750702
412,20051116_55573_0400_PP.tif,1009.888831033585,827.0197865139287,18.111179774828777,0.16615761261310805
413,20051116_55617_0400_PP.tif,1370.3139848812095,804.8874190064795,11.719177563156427,0.10751539048767364
414,20051116_55649_0400_PP.tif,1008.4620523784073,823.8447354355959,13.538837944592853,0.12420952242745736
415,20051116_58804_0400_PP.tif,860.6995994659546,506.49866488651537,9.793927538490598,0.1440283461542735
416,20051116_58835_0400_PP.tif,849.3445006321112,501.3324905183312,2.9871874371288505,0.04392922701660074
417,20051116_58864_0400_PP.tif,856.8509234828496,501.94327176781,2.3559515834061404,0.03464634681479618
418,20051116_59150_0400_PP.tif,1115.179673321234,814.2691210785584,9.576931671814664,0.08786175845701527
419,20051117_37185_0400_PP.tif,640.5393858477971,509.1368491321762,4.670725081661474,0.0686871335538452
420,20051117_37232_0400_PP.tif,639.6107972379159,507.34965473948523,3.7168339504790064,0.05465932280116186
421,20051130_53586_0400_PP.tif,850.1036007580543,502.77574226152876,21.300805669895592,0.31324714220434696
422,20051117_37051_0400_PP.tif,752.9481037924152,600.5116433799069,7.105726686184108,0.10449598067917806
423,20051117_37100_0400_PP.tif,851.871777924653,501.2392597488433,3.7411704478270846,0.05501721246804536
424,20051130_53623_0400_PP.tif,838.1740837696335,507.9443717277487,2.7494686166593283,0.040433362009696
425,20051130_53991_0400_PP.tif,634.016846361186,510.838948787062,14.335997714058594,0.21082349579497933
426,20051130_54077_0400_PP.tif,638.9412969283277,509.3433447098976,5.1206435477887515,0.0753035815851287
427,20051130_54257_0400_PP.tif,636.159239842726,515.2339449541284,2.216081701207407,0.03258943678246187
428,20051130_54323_0400_PP.tif,861.449460916442,503.9373315363881,11.15993805468267,0.16411673609827454
429,20051130_54364_0400_PP.tif,631.9908256880734,499.5743119266055,0.42578692303738586,0.006261572397608615
430,20051130_54476_0400_PP.tif,647.1292775665399,512.788339670469,1.4920718180737194,0.021942232618731166
431,20051130_54595_0400_PP.tif,738.3065552699229,529.8123393316196,26.941012205843354,0.3961913559682846
432,20051130_54802_0400_PP.tif,637.9967018469657,515.1734828496042,3.173484563464149,0.04666889063917866
433,20051130_54943_0400_PP.tif,850.0013377926422,506.90434782608696,6.478917749773586,0.09527820220255274
434,20051130_55004_0400_PP.tif,634.3094594594595,510.84932432432436,5.3383703548947565,0.07850544639551113
435,20051130_55037_0400_PP.tif,647.0287581699347,511.035294117647,3.119742242770536,0.045878562393684354
436,20051130_55074_0400_PP.tif,648.1202614379085,519.0555555555555,4.938500892301819,0.07262501312208558
437,20051130_55107_0400_PP.tif,637.0547493403694,508.86345646437996,5.243717733090684,0.07711349607486301
438,20051130_55160_0400_PP.tif,638.9026666666666,510.48,1.1977230249287885,0.017613573896011595
439,20051130_55311_0400_PP.tif,789.6370860927152,493.928476821192,4.363500123465777,0.06416911946273202
440,20051130_55381_0400_PP.tif,636.1022427440633,514.9544854881267,5.055430746313473,0.07434456979872754
441,20051130_58716_0400_PP.tif,1005.267491670633,827.1972870061875,1.7437050421835485,0.015997293964986684
442,20051130_58874_0400_PP.tif,1002.1585820895523,809.0730277185501,1.1608813487639302,0.010650287603338809
443,20051130_58921_0400_PP.tif,1087.07992614086,816.1210762331839,4.347106345906415,0.039881709595471694
444,20051130_58998_0400_PP.tif,998.4986653724824,822.9429750060665,5.601962559828885,0.051394151925035644
445,20051130_59092_0400_PP.tif,1242.217793030623,897.0227032734953,5.124109929451996,0.04701018283900914
446,20051130_59284_0400_PP.tif,1359.0861433087462,815.554531085353,12.152996577624863,0.11149538144609966
447,20051130_59404_0400_PP.tif,1355.8461738002593,807.7509727626459,7.066540972702603,0.06483065112571196
448,20051130_59457_0400_PP.tif,1059.6343757945588,807.556318332062,7.528249908610507,0.06906651292303218
449,20051130_59749_0400_PP.tif,1291.7174139728884,836.9616788321168,8.952544864905743,0.08213343912757562
450,20051130_59793_0400_PP.tif,1015.6116657908565,823.7235943247504,11.293099106218822,0.1036064138185213
451,20051130_59825_0400_PP.tif,1010.9924103637791,812.0096833289715,15.992413295383791,0.14671938803104395
452,20051130_59869_0400_PP.tif,1344.2341605068639,813.5454065469905,6.211991297105151,0.05699074584500139
453,20051130_59930_0400_PP.tif,1189.3652126794907,856.6645895421295,6.643259965080389,0.06094733912917789
454,20051130_59993_0400_PP.tif,1351.4899817850637,818.2706219099662,3.520435212773871,0.03229757075939331
455,20051130_60066_0400_PP.tif,1350.720498541501,821.5690798196765,9.454869000693812,0.08674191743755791
456,20051130_60186_0400_PP.tif,1019.6226611226612,811.0683471933472,3.9806532963490198,0.03651975501237633
457,20051130_60448_0400_PP.tif,1011.4122693007538,824.6365999480115,5.593473776732936,0.05131627318103611
458,20051130_60532_0400_PP.tif,1010.4724832214765,822.2042953020134,18.55955796160304,0.17027117395966093
459,20051130_60585_0400_PP.tif,1017.2089233235373,821.1947635586428,12.740409065492901,0.11688448683938442
460,20051130_60630_0400_PP.tif,1363.4248333744754,804.6672426561342,12.341392613711212,0.11322378544689185
461,20051130_60691_0400_PP.tif,1009.5860201186484,823.2958473046169,13.154875686903402,0.12068693290737066
462,20051130_60740_0400_PP.tif,989.2214569536424,801.7276821192053,4.732866087538267,0.043420789793929056
463,20051130_60794_0400_PP.tif,1011.9072900158478,820.7746962493397,13.094648391964549,0.12013438891710596
464,20051201_37312_0400_PP.tif,999.1852441613588,817.5809447983015,7.634723944598162,0.07004333894126753
465,20051201_37362_0400_PP.tif,1364.851861427094,813.0889348500517,12.89791150725127,0.1183294633692777
466,20051201_37390_0400_PP.tif,1352.4945810203542,818.9410520750727,8.55732031814386,0.07850752585453083
467,20051201_37462_0400_PP.tif,1354.3859132297803,839.7603106588109,18.65400168963971,0.17113763018018083
468,20051201_37557_0400_PP.tif,1007.1501125844384,819.1641230923192,9.441850691637118,0.08662248340951484
469,20051201_38081_0400_PP.tif,1349.1321762349799,810.799732977303,11.629294388950173,0.10669077421055205
470,20051201_38137_0400_PP.tif,1129.6965746421267,792.7870654396728,5.970306988672716,0.0547734586116763
471,20051201_38164_0400_PP.tif,1012.5989369412902,822.5561729886446,3.694843212917199,0.03389764415520366
472,20051201_38199_0400_PP.tif,1356.3806541405706,799.6882393876131,11.76950066222116,0.10797707029560698
473,20051201_38246_0400_PP.tif,1354.7016589611096,824.4639651890128,9.063682542873956,0.08315305085205464
474,20051201_38280_0400_PP.tif,1184.9052429052429,898.9432419432419,5.09507324104229,0.04674379120222285
475,20051201_38321_0400_PP.tif,1014.5365333333333,816.3842666666667,2.179983690051126,0.019999850367441525
476,20051201_38411_0400_PP.tif,1348.5155662909285,822.5059044551798,5.717448708799874,0.05245365787889793
477,20051201_38475_0400_PP.tif,997.1828691539674,834.8441933788755,1.4154828734298166,0.012986081407612997
478,20051201_38537_0400_PP.tif,1354.7032938076416,814.3849802371542,16.665764512862218,0.15289692213635062
479,20051202_37003_0400_PP.tif,1009.977522216414,821.3251437532672,9.028334498432843,0.08282875686635635
480,20051202_37162_0400_PP.tif,1346.533704883227,801.083067940552,2.6936309633781725,0.024712210673194242
481,20051202_37227_0400_PP.tif,1355.5888519560215,815.0260802863718,10.05501087687451,0.0922478062098579
482,20051202_38513_0400_PP.tif,1004.7655629139073,808.8087417218543,5.23793006226908,0.048054404241000735
483,20051202_39708_0400_PP.tif,1354.9008528784648,805.670842217484,6.6583026185978165,0.06108534512475061
484,20051202_40508_0400_PP.tif,643.1698595146871,503.1570881226054,5.770395352292126,0.08485875518076656
485,20051202_41076_0400_PP.tif,643.1698595146871,503.1570881226054,7.696337152265754,0.1131814287097905
486,20051202_41238_0400_PP.tif,849.2628378378379,502.52567567567564,0.9053965812397228,0.01331465560646651
487,20051202_48232_0400_PP.tif,749.7086092715232,563.5688741721855,6.306145159903375,0.09273742882210845
488,20051202_48287_0400_PP.tif,849.143237841439,502.6442371752165,5.318927366553835,0.07821952009637992
489,20051202_48329_0400_PP.tif,850.4403908794789,504.9654723127036,4.559311208761898,0.0670486942464985
490,20051202_48421_0400_PP.tif,843.9260780287474,494.3442847364819,8.6814946651115,0.1276690391928162
491,20051202_48575_0400_PP.tif,815.2751149047932,453.0827314510834,3.00597973841322,0.044205584388429704
492,20051202_51488_0400_PP.tif,1010.8946680606377,820.9166231050706,14.411880934685385,0.13221909114390262
493,20051202_51574_0400_PP.tif,1003.0251012145749,820.4326585695007,18.063390299796144,0.16571917706234995
494,20051202_51616_0400_PP.tif,1369.5993756503642,840.2016129032259,8.682922039571455,0.07965983522542619
495,20051202_51677_0400_PP.tif,1348.3041389504804,828.8636363636364,13.770269941844699,0.1263327517600431
496,20051202_54208_0400_PP.tif,1356.7330383480826,814.1669616519174,9.300396486456945,0.08532473840786188
497,20051202_54498_0400_PP.tif,638.8683344305464,503.2712310730744,3.9589799522115126,0.05822029341487518
498,20051202_54547_0400_PP.tif,619.4151696606787,515.6586826347306,4.380532272656003,0.06441959224494122
499,20051202_54576_0400_PP.tif,721.6206060606061,549.0981818181818,9.543628877840094,0.14034748349764845
500,20051202_54744_0400_PP.tif,691.1260957518543,474.99662845583276,4.152000449158976,0.06105883013469082
501,20051202_55457_0400_PP.tif,768.3276912660799,521.427894380501,5.849270786582932,0.08601868803798429
502,20051202_55498_0400_PP.tif,619.4151696606787,515.6586826347306,2.607267808820292,0.03834217365912194
503,20051202_55562_0400_PP.tif,650.3427471116817,497.7265725288832,16.557898321631367,0.24349850472987303
504,20051202_55607_0400_PP.tif,843.6959302325581,499.7,5.944209048659836,0.08741483895087994
505,20051202_55650_0400_PP.tif,633.4831598285364,487.4274341702388,5.665916520355768,0.08332230176993777
506,20051202_55697_0400_PP.tif,775.8988613529806,490.9604822505023,7.270701257344869,0.10692207731389514
507,20051202_55816_0400_PP.tif,642.4254071661238,506.22345276872966,2.7245338697226362,0.04006667455474465
508,20051202_55846_0400_PP.tif,828.8723723723724,490.8993993993994,5.992185675699196,0.08812037758381171
509,20051202_55921_0400_PP.tif,842.3647757255936,497.5395778364116,5.754148190884912,0.08461982633654283
510,20051202_55969_0400_PP.tif,841.8959011060507,506.4098893949252,9.818220489125666,0.14438559542831864
511,20051202_56000_0400_PP.tif,656.1232417950436,496.9812458137977,2.1354347219655283,0.03140345179361071
512,20051202_56028_0400_PP.tif,633.3943089430894,507.19850948509486,7.601421342451776,0.111785607977232
513,20051205_31388_0400_PP.tif,1361.6901444134785,818.7215606789966,12.710641803166883,0.11661139268960444
514,20051205_31934_0400_PP.tif,1212.810307017544,822.6074561403509,17.41386532876289,0.15976023237397147
515,20051205_32966_0400_PP.tif,649.1894093686354,498.6259334691107,7.653961957967829,0.11255826408776219
516,20051205_33025_0400_PP.tif,632.7000599880024,503.6700659868026,6.905065115051839,0.10154507522135058
517,20051205_35110_0400_PP.tif,848.1587516960651,501.4694708276798,1.4780211819881015,0.021735605617472082
518,20051205_35162_0400_PP.tif,856.6805377720871,502.2247119078105,5.6078807230951595,0.08246883416316411
519,20051205_35323_0400_PP.tif,631.2687411598303,508.34158415841586,4.565499022227384,0.06713969150334388
520,20051205_35354_0400_PP.tif,771.9892037786775,514.22334682861,7.776660665509616,0.11436265684572965
521,20051205_35408_0400_PP.tif,854.3120376597176,505.2938802958978,5.090849892871813,0.07486543960105607
522,20051205_35432_0400_PP.tif,666.1952349437458,634.4003970880212,8.349886541696474,0.12279244914259521
523,20051205_57651_0400_PP.tif,1356.5276967930029,804.9801219188975,12.607451079929938,0.11566468880669667
524,20051205_57723_0400_PP.tif,1019.3122880250456,822.8677276284894,7.54457785853417,0.06921631062875386
525,20051205_57780_0400_PP.tif,1359.6339681711454,820.2653274197756,13.82088262053452,0.1267970882617846
526,20051205_57809_0400_PP.tif,1011.7887736100026,817.5065176908752,8.01287742898658,0.07351263696317963
527,20051205_57879_0400_PP.tif,1357.9080368906457,813.7301712779973,7.8298843033988215,0.07183380094861304
528,20051205_57988_0400_PP.tif,1359.8126975763962,826.7197049525817,8.272547276947064,0.07589492914630334
529,20051205_58037_0400_PP.tif,1173.446557040082,948.9665981500514,6.666255822783682,0.061158310300767724
530,20051205_58080_0400_PP.tif,977.4903515728258,800.4382765001321,7.34482190595821,0.06738368721062578
531,20051205_58109_0400_PP.tif,1032.5528756957328,821.5258415054334,4.583141541522716,0.04204717010571299
532,20051205_58150_0400_PP.tif,1064.7133741026323,895.4605158202605,12.047097994643446,0.11052383481324263
533,20051205_58354_0400_PP.tif,1353.8659381663113,812.1716417910447,5.628229241646885,0.051635130657310874
534,20051205_58409_0400_PP.tif,1029.3853378554657,815.8265066527524,9.386218631893193,0.08611209754030452
535,20051205_58458_0400_PP.tif,1016.911599249933,815.8636485400482,6.389022009220079,0.05861488081853283
536,20051205_58577_0400_PP.tif,1360.6583716526914,815.8731403840952,8.550601561320521,0.0784458858836745
537,20051205_59240_0400_PP.tif,1011.8785583703317,821.9561243144424,8.81604228585853,0.08088112188861037
538,20051205_59337_0400_PP.tif,1360.8482996811902,803.6272582359193,6.311300392155472,0.05790183846014194
539,20051205_59367_0400_PP.tif,1202.7631512071157,879.3232528589581,7.0211501266371945,0.06441422134529537
540,20051205_59510_0400_PP.tif,1011.674017003188,813.3382040382571,7.512096424304115,0.06891831581930381
541,20051205_59617_0400_PP.tif,1015.0687919463087,820.571907957814,23.546878619713684,0.21602640935517142
542,20051205_59702_0400_PP.tif,1023.8976624857469,821.2152223489168,19.103549910106114,0.17526192578079003
543,20051205_59738_0400_PP.tif,1015.3825646494269,825.5251932817915,8.52018806415931,0.07816686297393863
544,20051205_59833_0400_PP.tif,1021.177105263158,831.8526315789474,7.984519860954171,0.07325247578857037
545,20051205_59879_0400_PP.tif,1006.7827096774193,826.8436129032258,0.2677162832639624,0.002456112690495068
546,20051205_59923_0400_PP.tif,1369.2424165824063,813.9196157735086,11.430561889860561,0.10486754027395011
547,20051205_60119_0400_PP.tif,1190.0217163788593,984.896127681842,14.14627035227244,0.1297822968098389
548,20051207_55266_0400_PP.tif,849.2428476380572,501.53027278775784,0.8910237668638759,0.013103290689174645
549,20051207_56227_0400_PP.tif,754.4588313413014,606.4455511288181,7.372286556640617,0.10841597877412672
550,20051207_62266_0400_PP.tif,1352.064142194745,823.3049974240082,7.960992749207844,0.07303663072667747
551,20051207_62320_0400_PP.tif,1355.7321989528796,808.2510471204189,11.490454889856816,0.10541701733813592
552,20051208_39254_0400_PP.tif,987.1347758081334,808.1741397288843,7.9084636166407405,0.07255471207927285
553,20051208_39404_0400_PP.tif,1171.0252034654766,787.5421370438435,13.42766403123941,0.12318957826825146
554,20051208_39462_0400_PP.tif,1361.212840466926,821.5198443579767,13.247787214064525,0.12153933223912408
555,20051208_39498_0400_PP.tif,1145.1069323603706,789.179062587707,8.41546734881209,0.07720612246616597
556,20051208_39532_0400_PP.tif,1350.967570938572,808.7134393514187,16.46958362751996,0.1510970975001831
557,20051208_40972_0400_PP.tif,1144.2943054816392,938.288451303885,14.549215289280134,0.1334790393511939
558,20051208_41373_0400_PP.tif,1047.7386857581182,950.0081820506264,20.176631975579753,0.18510671537229131
559,20051208_41707_0400_PP.tif,1031.9234763596612,817.8524186936321,17.1662300330031,0.15748834892663394
560,20051208_42552_0400_PP.tif,1236.8490159072526,724.2124561876517,6.1529215336493985,0.05644882140962751
561,20051212_36525_0400_PP.tif,1023.2990654205607,824.4537629119527,8.439956851120948,0.07743079679927475
562,20051212_36605_0400_PP.tif,1019.4167337087691,817.3341378385626,6.678876053596712,0.06127409223483222
563,20051212_37442_0400_PP.tif,1362.6126704089816,805.2745255279337,6.916119773573878,0.06345064012453099
564,20051212_38076_0400_PP.tif,1009.6582809224319,810.5966981132076,5.879250620774525,0.05393807908967454
565,20051212_38130_0400_PP.tif,1351.513829787234,814.8518617021276,4.028661681218213,0.03696019891025883
566,20051212_41009_0400_PP.tif,1012.5983957219252,814.194385026738,12.5942492557332,0.11554357115351559
567,20051212_41432_0400_PP.tif,1140.300307219662,888.5455709165386,11.304323493451548,0.10370938984817935
